{
	"maxY":61.10045458302646,
	"minY":-61.10045458302487,
	"maxX":125.10045787450727,
	"minX":-125.10045458302659
}